AREA,Year,"Population
(thousands)",%urban,Atleastbasic,Limited(morethan30mins),Unimproved,Safelymanaged,Accessibleonpremises,Availablewhenneeded,Freefromcontamination,Piped,Non-piped
AustraliaandNewZealand,2000,22990,85,100,0,0,0,97,90,0,94,6
AustraliaandNewZealand,2001,23257,84,100,0,0,0,97,91,0,94,6
AustraliaandNewZealand,2002,23546,85,100,0,0,0,97,91,0,94,6
AustraliaandNewZealand,2003,23842,85,100,0,0,0,97,92,0,95,5
AustraliaandNewZealand,2004,24131,85,100,0,0,0,98,92,0,95,5
AustraliaandNewZealand,2005,24429,85,100,0,0,0,98,93,0,95,5
AustraliaandNewZealand,2006,24772,85,100,0,0,0,98,93,0,95,4
AustraliaandNewZealand,2007,25178,85,100,0,0,0,98,94,0,96,4
AustraliaandNewZealand,2008,25632,85,100,0,0,0,98,94,0,96,4
AustraliaandNewZealand,2009,26087,85,100,0,0,0,99,94,0,96,4
AustraliaandNewZealand,2010,26489,85,100,0,0,0,99,95,0,96,3
AustraliaandNewZealand,2011,26862,85,100,0,0,0,100,95,0,97,3
AustraliaandNewZealand,2012,27264,86,100,0,0,0,100,96,0,97,3
AustraliaandNewZealand,2013,27690,86,100,0,0,0,100,96,0,97,3
AustraliaandNewZealand,2014,28119,86,100,0,0,0,100,96,0,97,3
AustraliaandNewZealand,2015,28562,86,100,0,0,0,100,96,0,98,2
AustraliaandNewZealand,2016,29045,86,100,0,0,0,100,96,0,98,2
AustraliaandNewZealand,2017,29544,86,100,0,0,0,100,96,0,98,2
AustraliaandNewZealand,2018,30021,86,100,0,0,0,100,96,0,98,2
AustraliaandNewZealand,2019,30472,86,100,0,0,0,100,96,0,98,2
AustraliaandNewZealand,2020,30814,86,100,0,0,0,100,96,0,0,0
AustraliaandNewZealand,2021,31064,86,100,0,0,0,100,96,0,0,0
AustraliaandNewZealand,2022,31333,87,100,0,0,0,100,96,0,0,0
AustraliaandNewZealand,2023,31624,87,100,0,0,0,100,96,0,0,0
AustraliaandNewZealand,2024,31927,87,100,0,0,0,100,96,0,0,0
CentralandSouthernAsia,2000,1534794,30,82,4,12,48,48,72,58,39,47
CentralandSouthernAsia,2001,1563977,30,82,4,11,49,49,73,58,39,47
CentralandSouthernAsia,2002,1592671,30,83,4,11,50,50,73,59,40,47
CentralandSouthernAsia,2003,1621101,31,83,4,10,51,51,74,59,41,47
CentralandSouthernAsia,2004,1649885,31,84,4,10,52,52,74,60,41,47
CentralandSouthernAsia,2005,1678121,31,85,4,10,54,54,75,60,42,46
CentralandSouthernAsia,2006,1705977,32,85,4,9,55,55,75,60,43,46
CentralandSouthernAsia,2007,1733040,32,86,4,9,56,56,76,61,43,46
CentralandSouthernAsia,2008,1759490,32,86,4,8,57,57,77,61,44,46
CentralandSouthernAsia,2009,1786570,33,87,4,8,58,58,77,62,45,46
CentralandSouthernAsia,2010,1813842,33,87,4,7,60,60,78,63,45,46
CentralandSouthernAsia,2011,1840842,34,88,3,7,61,61,78,65,46,46
CentralandSouthernAsia,2012,1867238,34,89,3,7,62,62,79,66,46,45
CentralandSouthernAsia,2013,1892781,34,89,3,6,63,63,79,67,47,45
CentralandSouthernAsia,2014,1917606,35,90,3,6,65,65,80,68,48,45
CentralandSouthernAsia,2015,1941567,35,90,3,5,66,66,80,70,48,45
CentralandSouthernAsia,2016,1965448,35,91,3,5,67,67,81,71,49,45
CentralandSouthernAsia,2017,1989429,36,91,3,5,68,68,81,72,50,45
CentralandSouthernAsia,2018,2013149,36,92,3,4,69,69,82,74,50,45
CentralandSouthernAsia,2019,2036731,37,92,3,4,71,71,82,75,51,44
CentralandSouthernAsia,2020,2059942,37,93,3,3,72,72,82,76,51,44
CentralandSouthernAsia,2021,2081130,38,94,3,3,73,73,83,77,52,44
CentralandSouthernAsia,2022,2101809,38,94,3,3,74,74,83,78,53,44
CentralandSouthernAsia,2023,2123893,39,95,3,2,76,76,84,80,53,44
CentralandSouthernAsia,2024,2146282,39,95,2,2,77,77,84,81,54,44
EasternandSouth0EasternAsia,2000,2025350,41,81,0,15,68,68,77,69,46,36
EasternandSouth0EasternAsia,2001,2043034,42,82,0,14,69,69,77,69,48,35
EasternandSouth0EasternAsia,2002,2060302,43,83,0,13,70,70,78,70,50,34
EasternandSouth0EasternAsia,2003,2076016,44,84,0,12,71,71,79,71,51,33
EasternandSouth0EasternAsia,2004,2091446,45,85,0,12,71,73,80,71,53,32
EasternandSouth0EasternAsia,2005,2107133,46,85,0,11,72,74,81,72,55,31
EasternandSouth0EasternAsia,2006,2123271,47,86,0,11,72,75,81,72,56,30
EasternandSouth0EasternAsia,2007,2139701,48,87,0,10,73,76,82,73,58,30
EasternandSouth0EasternAsia,2008,2156408,49,87,0,9,74,77,83,74,59,29
EasternandSouth0EasternAsia,2009,2173485,50,88,0,9,74,79,83,74,61,28
EasternandSouth0EasternAsia,2010,2190840,51,89,0,8,75,80,84,75,62,27
EasternandSouth0EasternAsia,2011,2207927,52,89,1,8,75,81,85,75,64,26
EasternandSouth0EasternAsia,2012,2225809,53,90,1,7,76,82,86,76,65,26
EasternandSouth0EasternAsia,2013,2243785,54,90,1,7,76,83,86,76,66,25
EasternandSouth0EasternAsia,2014,2260819,55,91,1,7,76,84,87,76,68,24
EasternandSouth0EasternAsia,2015,2276839,56,91,1,6,65,85,88,65,69,24
EasternandSouth0EasternAsia,2016,2292382,57,92,1,6,66,86,89,66,70,23
EasternandSouth0EasternAsia,2017,2307986,58,92,1,5,67,87,89,67,71,22
EasternandSouth0EasternAsia,2018,2321416,59,93,1,5,67,87,90,67,73,22
EasternandSouth0EasternAsia,2019,2332292,60,93,1,5,68,88,91,68,74,21
EasternandSouth0EasternAsia,2020,2340521,60,94,1,4,69,89,91,69,75,20
EasternandSouth0EasternAsia,2021,2345241,61,94,1,4,69,90,92,69,76,20
EasternandSouth0EasternAsia,2022,2348163,62,95,1,3,70,91,93,70,77,19
EasternandSouth0EasternAsia,2023,2350146,63,95,1,3,71,91,93,71,77,19
EasternandSouth0EasternAsia,2024,2351265,63,95,1,3,75,92,93,75,78,19
EuropeandNorthernAmerica,2000,1038228,74,99,0,0,92,92,0,94,93,6
EuropeandNorthernAmerica,2001,1041401,74,99,0,0,92,92,0,94,93,6
EuropeandNorthernAmerica,2002,1045408,74,99,0,0,92,92,0,94,93,6
EuropeandNorthernAmerica,2003,1049786,74,99,0,0,92,92,0,94,93,6
EuropeandNorthernAmerica,2004,1053834,74,99,0,0,92,92,0,94,94,6
EuropeandNorthernAmerica,2005,1057877,74,99,0,0,93,93,95,94,94,5
EuropeandNorthernAmerica,2006,1062486,75,99,0,0,93,93,95,94,94,5
EuropeandNorthernAmerica,2007,1067151,75,99,0,0,93,94,95,94,94,5
EuropeandNorthernAmerica,2008,1072294,75,99,0,0,93,94,95,94,94,5
EuropeandNorthernAmerica,2009,1077117,75,99,0,0,93,94,95,94,94,5
EuropeandNorthernAmerica,2010,1081743,75,99,0,0,93,94,95,94,95,4
EuropeandNorthernAmerica,2011,1086354,76,99,0,0,93,94,95,94,95,4
EuropeandNorthernAmerica,2012,1090817,76,99,0,0,93,95,95,94,95,4
EuropeandNorthernAmerica,2013,1095184,76,99,0,0,93,95,95,94,95,4
EuropeandNorthernAmerica,2014,1099707,76,99,0,0,93,95,95,94,95,4
EuropeandNorthernAmerica,2015,1104672,76,99,0,0,94,95,95,94,95,4
EuropeandNorthernAmerica,2016,1109900,77,99,0,0,94,95,95,95,95,4
EuropeandNorthernAmerica,2017,1114800,77,99,0,0,94,95,95,95,96,4
EuropeandNorthernAmerica,2018,1119274,77,99,0,0,94,95,96,95,96,3
EuropeandNorthernAmerica,2019,1123448,77,99,0,0,94,95,96,95,96,3
EuropeandNorthernAmerica,2020,1125507,78,99,0,0,94,95,96,95,96,3
EuropeandNorthernAmerica,2021,1125614,78,99,0,0,94,95,96,95,96,3
EuropeandNorthernAmerica,2022,1125728,78,99,0,0,94,95,96,95,97,2
EuropeandNorthernAmerica,2023,1126806,78,99,0,0,94,95,96,96,97,2
EuropeandNorthernAmerica,2024,1128694,78,99,0,0,94,95,96,96,97,2
LatinAmericaandtheCaribbean,2000,521323,76,91,0,6,70,83,77,70,83,8
LatinAmericaandtheCaribbean,2001,528626,76,91,0,5,70,84,77,70,84,8
LatinAmericaandtheCaribbean,2002,535741,76,92,0,5,71,84,78,71,85,8
LatinAmericaandtheCaribbean,2003,542688,77,92,0,5,71,85,78,71,85,8
LatinAmericaandtheCaribbean,2004,549494,77,93,0,5,71,85,78,71,86,8
LatinAmericaandtheCaribbean,2005,556212,77,93,0,4,72,86,78,72,86,7
LatinAmericaandtheCaribbean,2006,562855,77,93,0,4,72,87,78,72,87,7
LatinAmericaandtheCaribbean,2007,569468,78,94,0,4,72,87,78,72,87,7
LatinAmericaandtheCaribbean,2008,576049,78,94,0,3,72,88,78,72,87,7
LatinAmericaandtheCaribbean,2009,582545,78,94,0,3,73,88,78,73,88,7
LatinAmericaandtheCaribbean,2010,588908,79,94,0,3,73,89,79,73,88,7
LatinAmericaandtheCaribbean,2011,595243,79,95,0,3,73,89,79,73,89,7
LatinAmericaandtheCaribbean,2012,601577,79,95,0,3,73,90,79,73,89,6
LatinAmericaandtheCaribbean,2013,607837,79,95,0,2,74,90,79,74,90,6
LatinAmericaandtheCaribbean,2014,614015,80,95,0,2,74,91,79,74,90,6
LatinAmericaandtheCaribbean,2015,620043,80,96,0,2,75,91,80,75,90,6
LatinAmericaandtheCaribbean,2016,625923,80,96,0,2,75,92,80,75,91,6
LatinAmericaandtheCaribbean,2017,631575,80,96,0,1,75,92,81,75,91,6
LatinAmericaandtheCaribbean,2018,637012,81,96,0,1,76,93,81,76,91,6
LatinAmericaandtheCaribbean,2019,642196,81,96,0,1,76,93,82,76,92,6
LatinAmericaandtheCaribbean,2020,646729,81,97,0,0,77,94,82,77,92,6
LatinAmericaandtheCaribbean,2021,650465,81,97,0,0,77,94,83,77,92,6
LatinAmericaandtheCaribbean,2022,654367,82,97,0,0,77,94,83,77,92,6
LatinAmericaandtheCaribbean,2023,658892,82,97,0,0,78,94,84,78,93,6
LatinAmericaandtheCaribbean,2024,663466,82,98,0,0,78,95,84,78,93,6
NorthernAfricaandWesternAsia,2000,362460,56,84,5,9,66,75,66,74,77,11
NorthernAfricaandWesternAsia,2001,369968,56,84,5,9,67,75,67,74,78,11
NorthernAfricaandWesternAsia,2002,377563,57,84,5,8,67,75,67,74,78,12
NorthernAfricaandWesternAsia,2003,385181,57,85,5,8,67,76,67,74,78,12
NorthernAfricaandWesternAsia,2004,392909,57,85,5,8,67,76,67,74,78,12
NorthernAfricaandWesternAsia,2005,400956,58,85,5,7,68,76,68,75,79,12
NorthernAfricaandWesternAsia,2006,409344,58,86,5,7,69,77,69,75,79,12
NorthernAfricaandWesternAsia,2007,418225,58,86,5,7,69,77,69,76,79,12
NorthernAfricaandWesternAsia,2008,427531,59,87,5,6,70,78,70,76,79,12
NorthernAfricaandWesternAsia,2009,436888,59,87,5,6,70,78,70,77,80,13
NorthernAfricaandWesternAsia,2010,446081,59,87,5,6,71,79,71,77,80,13
NorthernAfricaandWesternAsia,2011,455432,60,88,5,5,71,79,71,77,80,13
NorthernAfricaandWesternAsia,2012,465277,60,88,5,5,72,80,72,78,81,13
NorthernAfricaandWesternAsia,2013,475599,60,89,5,5,72,80,72,78,81,13
NorthernAfricaandWesternAsia,2014,486457,61,89,5,4,72,81,72,78,82,13
NorthernAfricaandWesternAsia,2015,497571,61,89,5,4,73,81,73,79,82,12
NorthernAfricaandWesternAsia,2016,508025,61,90,5,4,73,82,73,79,83,12
NorthernAfricaandWesternAsia,2017,517512,62,90,5,3,73,82,73,80,83,13
NorthernAfricaandWesternAsia,2018,526457,62,90,5,3,74,83,74,80,83,13
NorthernAfricaandWesternAsia,2019,535333,62,91,5,3,74,83,74,80,83,13
NorthernAfricaandWesternAsia,2020,543949,62,91,5,3,75,84,75,81,84,13
NorthernAfricaandWesternAsia,2021,552427,63,91,5,2,75,84,75,81,84,13
NorthernAfricaandWesternAsia,2022,562409,63,92,5,2,75,84,75,81,84,13
NorthernAfricaandWesternAsia,2023,572507,63,92,5,2,76,85,76,82,84,13
NorthernAfricaandWesternAsia,2024,581482,64,92,5,2,76,85,76,82,84,13
Oceania,2000,8363,24,50,0,12,0,36,30,0,36,14
Oceania,2001,8590,24,50,0,12,0,35,30,0,37,12
Oceania,2002,8819,23,50,0,12,0,35,30,0,37,12
Oceania,2003,9052,23,49,0,12,0,35,30,0,37,12
Oceania,2004,9288,23,49,0,13,0,35,30,0,37,12
Oceania,2005,9526,23,50,0,13,0,35,30,0,36,13
Oceania,2006,9768,23,51,0,14,0,35,30,0,36,14
Oceania,2007,10012,23,51,0,14,0,35,31,0,36,15
Oceania,2008,10258,23,52,0,15,0,36,31,0,36,16
Oceania,2009,10506,23,53,1,15,0,36,31,0,35,18
Oceania,2010,10764,23,53,1,16,0,37,32,0,35,19
Oceania,2011,11027,23,54,2,17,0,38,32,0,35,20
Oceania,2012,11286,23,55,2,17,0,38,33,0,34,21
Oceania,2013,11543,23,55,2,18,0,39,33,0,34,22
Oceania,2014,11800,22,56,2,18,0,40,34,0,34,23
Oceania,2015,12053,22,57,3,19,0,41,34,0,34,25
Oceania,2016,12302,22,57,3,20,0,42,35,0,33,26
Oceania,2017,12550,22,58,3,20,0,42,35,0,33,27
Oceania,2018,12795,22,59,4,21,0,43,36,0,33,29
Oceania,2019,13032,22,59,4,21,0,44,36,0,33,30
Oceania,2020,13265,22,60,4,22,0,45,37,0,32,31
Oceania,2021,13494,22,61,5,23,0,46,37,0,32,33
Oceania,2022,13717,22,61,5,23,0,48,38,0,32,34
Oceania,2023,13939,22,62,6,24,0,49,39,0,32,35
Oceania,2024,14162,23,63,6,24,0,50,39,0,32,36
Sub0SaharanAfrica,2000,648981,32,45,9,28,17,17,38,27,29,25
Sub0SaharanAfrica,2001,666509,32,46,9,27,18,18,39,28,29,26
Sub0SaharanAfrica,2002,684619,33,47,9,26,18,18,40,28,30,27
Sub0SaharanAfrica,2003,703331,33,48,10,26,19,19,40,29,30,28
Sub0SaharanAfrica,2004,722702,34,49,10,25,19,19,41,29,30,28
Sub0SaharanAfrica,2005,742672,34,50,10,25,20,20,42,29,31,29
Sub0SaharanAfrica,2006,763189,34,51,10,24,20,20,43,30,31,30
Sub0SaharanAfrica,2007,784338,35,52,11,23,21,21,44,30,31,31
Sub0SaharanAfrica,2008,806176,35,53,11,23,21,21,45,30,32,31
Sub0SaharanAfrica,2009,828530,36,54,11,22,22,22,46,31,32,32
Sub0SaharanAfrica,2010,851531,36,55,11,22,23,23,47,31,33,33
Sub0SaharanAfrica,2011,885444,37,55,11,21,23,23,47,32,33,34
Sub0SaharanAfrica,2012,910128,37,56,12,20,24,24,48,32,33,35
Sub0SaharanAfrica,2013,935556,38,57,12,20,24,24,49,32,34,36
Sub0SaharanAfrica,2014,961284,38,58,12,19,25,25,50,33,34,36
Sub0SaharanAfrica,2015,987406,39,59,12,19,26,26,51,33,34,37
Sub0SaharanAfrica,2016,1013769,40,60,12,18,27,27,52,33,35,38
Sub0SaharanAfrica,2017,1040454,40,61,12,17,28,28,53,34,35,38
Sub0SaharanAfrica,2018,1068012,41,62,13,17,28,28,53,34,36,39
Sub0SaharanAfrica,2019,1096034,41,63,13,16,29,29,54,34,36,40
Sub0SaharanAfrica,2020,1124522,42,64,13,16,30,30,55,35,36,40
Sub0SaharanAfrica,2021,1153271,42,65,13,15,30,31,55,35,37,41
Sub0SaharanAfrica,2022,1182164,43,66,13,15,31,32,56,35,37,42
Sub0SaharanAfrica,2023,1212229,43,67,13,14,31,33,57,36,38,43
Sub0SaharanAfrica,2024,1243010,44,68,13,13,32,33,57,36,38,43
Landlockeddevelopingcountries,2000,332025,27,52,8,26,26,26,47,35,32,28
Landlockeddevelopingcountries,2001,338855,27,53,8,25,27,27,47,35,33,28
Landlockeddevelopingcountries,2002,346925,28,54,9,24,27,27,48,35,34,29
Landlockeddevelopingcountries,2003,355608,28,54,9,24,27,28,49,35,34,29
Landlockeddevelopingcountries,2004,364019,28,55,9,23,28,28,50,35,35,30
Landlockeddevelopingcountries,2005,372579,28,56,10,23,28,29,51,36,35,30
Landlockeddevelopingcountries,2006,381485,28,57,10,22,29,29,51,36,36,31
Landlockeddevelopingcountries,2007,390099,28,57,10,21,29,30,52,36,36,31
Landlockeddevelopingcountries,2008,399068,29,58,11,21,29,30,53,36,37,32
Landlockeddevelopingcountries,2009,408670,29,59,11,20,30,31,54,37,38,32
Landlockeddevelopingcountries,2010,418365,29,60,11,19,30,32,55,37,38,33
Landlockeddevelopingcountries,2011,438841,29,60,12,19,30,32,56,37,38,34
Landlockeddevelopingcountries,2012,449724,29,61,12,18,31,32,56,37,39,34
Landlockeddevelopingcountries,2013,460534,29,62,12,17,31,33,57,37,39,35
Landlockeddevelopingcountries,2014,471366,30,63,13,17,32,34,58,38,40,35
Landlockeddevelopingcountries,2015,482100,30,64,13,16,33,35,59,38,41,36
Landlockeddevelopingcountries,2016,492885,30,65,13,15,33,35,60,38,41,36
Landlockeddevelopingcountries,2017,503809,30,65,13,15,34,36,61,38,42,37
Landlockeddevelopingcountries,2018,515440,31,66,14,14,34,37,62,39,43,37
Landlockeddevelopingcountries,2019,528050,31,67,14,13,35,38,63,39,43,38
Landlockeddevelopingcountries,2020,541141,31,68,14,13,35,38,64,39,44,39
Landlockeddevelopingcountries,2021,553892,32,69,14,12,36,39,64,39,44,39
Landlockeddevelopingcountries,2022,566129,32,70,15,11,36,40,65,40,45,40
Landlockeddevelopingcountries,2023,579185,32,71,15,11,37,40,66,40,46,40
Landlockeddevelopingcountries,2024,592790,33,72,15,10,37,41,67,40,46,40
Leastdevelopedcountries,2000,666853,25,51,9,26,26,26,47,31,20,41
Leastdevelopedcountries,2001,682758,26,52,9,25,26,26,47,31,20,41
Leastdevelopedcountries,2002,700670,26,53,9,25,26,27,48,32,21,41
Leastdevelopedcountries,2003,718209,26,53,9,24,27,27,48,32,21,41
Leastdevelopedcountries,2004,735485,27,54,10,24,27,27,49,32,22,42
Leastdevelopedcountries,2005,753151,27,55,10,23,27,28,50,33,23,42
Leastdevelopedcountries,2006,771254,28,55,10,23,28,28,50,33,24,42
Leastdevelopedcountries,2007,789127,28,56,10,22,28,29,51,33,24,42
Leastdevelopedcountries,2008,807450,29,57,11,21,29,30,52,34,25,42
Leastdevelopedcountries,2009,826444,29,58,11,21,30,30,52,34,26,43
Leastdevelopedcountries,2010,845602,30,59,11,20,30,31,53,34,27,43
Leastdevelopedcountries,2011,875685,30,59,11,20,30,31,54,35,27,43
Leastdevelopedcountries,2012,896685,30,60,12,19,31,32,54,35,28,44
Leastdevelopedcountries,2013,918270,31,61,12,18,32,33,55,35,29,44
Leastdevelopedcountries,2014,940284,32,62,12,18,32,34,56,36,30,44
Leastdevelopedcountries,2015,962508,32,62,12,17,33,34,56,36,30,44
Leastdevelopedcountries,2016,985415,33,63,12,17,34,35,57,37,31,44
Leastdevelopedcountries,2017,1008993,33,64,13,16,34,36,58,37,32,45
Leastdevelopedcountries,2018,1033110,34,65,13,15,35,37,58,37,33,45
Leastdevelopedcountries,2019,1058014,34,66,13,15,36,38,59,38,34,45
Leastdevelopedcountries,2020,1083636,35,67,13,14,36,39,60,38,34,45
Leastdevelopedcountries,2021,1109175,35,67,13,14,37,40,60,38,35,46
Leastdevelopedcountries,2022,1134586,36,68,14,13,38,40,61,39,36,46
Leastdevelopedcountries,2023,1160825,36,69,14,12,38,41,62,39,36,46
Leastdevelopedcountries,2024,1187778,37,70,14,12,39,42,62,39,37,46
SmallislanddevelopingStates,2000,55126,57,80,3,9,53,63,66,53,66,16
SmallislanddevelopingStates,2001,55872,57,80,3,9,54,63,66,54,66,16
SmallislanddevelopingStates,2002,57442,57,80,3,9,53,63,66,53,66,16
SmallislanddevelopingStates,2003,58129,57,80,3,9,53,63,66,53,66,16
SmallislanddevelopingStates,2004,58824,58,80,3,9,53,63,66,53,66,16
SmallislanddevelopingStates,2005,59575,58,80,3,9,55,64,66,55,66,16
SmallislanddevelopingStates,2006,60374,58,81,3,9,55,64,66,55,66,17
SmallislanddevelopingStates,2007,61222,58,81,3,9,55,64,67,55,66,17
SmallislanddevelopingStates,2008,62092,59,81,3,8,56,64,67,56,66,17
SmallislanddevelopingStates,2009,62919,59,81,3,8,56,64,68,56,66,18
SmallislanddevelopingStates,2010,63653,59,82,3,8,56,65,68,56,66,18
SmallislanddevelopingStates,2011,64378,59,82,3,8,56,65,69,56,66,18
SmallislanddevelopingStates,2012,65142,60,82,3,8,56,65,69,56,66,19
SmallislanddevelopingStates,2013,65877,60,82,3,8,56,65,70,56,66,19
SmallislanddevelopingStates,2014,66577,60,83,4,8,56,65,70,56,66,20
SmallislanddevelopingStates,2015,67260,60,83,4,8,57,65,70,57,66,20
SmallislanddevelopingStates,2016,67915,60,83,4,8,57,66,71,57,66,21
SmallislanddevelopingStates,2017,68467,60,83,4,8,57,66,71,57,66,21
SmallislanddevelopingStates,2018,69085,61,83,4,8,57,66,72,57,65,22
SmallislanddevelopingStates,2019,69747,61,84,4,8,57,66,72,57,65,22
SmallislanddevelopingStates,2020,70264,61,84,4,8,57,66,73,57,65,23
SmallislanddevelopingStates,2021,70727,61,84,4,8,57,66,73,57,64,24
SmallislanddevelopingStates,2022,71343,61,84,5,8,57,67,73,57,64,24
SmallislanddevelopingStates,2023,72018,62,85,5,8,57,67,73,57,64,25
SmallislanddevelopingStates,2024,72589,62,85,5,9,57,67,74,57,64,25
Fragilecontexts,2000,1177847,34,62,7,19,39,42,54,39,32,36
Fragilecontexts,2001,1206674,35,62,7,18,39,42,55,39,33,36
Fragilecontexts,2002,1236750,35,63,7,18,39,42,55,39,33,37
Fragilecontexts,2003,1266734,36,63,7,18,40,42,56,40,33,37
Fragilecontexts,2004,1297670,36,64,7,17,40,43,56,40,33,38
Fragilecontexts,2005,1329290,36,64,7,17,40,43,57,40,34,38
Fragilecontexts,2006,1361306,37,65,8,17,40,43,57,40,34,39
Fragilecontexts,2007,1393520,37,66,8,16,41,44,58,41,34,39
Fragilecontexts,2008,1426556,38,66,8,16,41,44,59,41,35,40
Fragilecontexts,2009,1460480,38,67,8,15,41,44,59,41,35,40
Fragilecontexts,2010,1494835,38,68,8,15,41,45,60,41,35,41
Fragilecontexts,2011,1539649,39,68,8,15,42,45,60,42,35,41
Fragilecontexts,2012,1574741,39,69,8,14,42,45,61,42,36,42
Fragilecontexts,2013,1609333,40,70,9,14,42,46,61,42,36,42
Fragilecontexts,2014,1643577,40,70,9,13,42,46,62,42,36,43
Fragilecontexts,2015,1678161,40,71,9,13,43,47,63,43,37,43
Fragilecontexts,2016,1713771,41,72,9,13,43,47,63,43,37,44
Fragilecontexts,2017,1750303,41,72,9,12,43,47,64,43,37,44
Fragilecontexts,2018,1787384,42,73,9,12,44,48,64,44,37,45
Fragilecontexts,2019,1825193,42,74,9,11,44,48,65,44,38,45
Fragilecontexts,2020,1863816,43,74,9,11,44,49,65,44,38,46
Fragilecontexts,2021,1902926,43,75,9,11,44,49,66,44,38,46
Fragilecontexts,2022,1942903,44,76,10,10,45,50,66,45,39,47
Fragilecontexts,2023,1984166,44,76,10,10,45,50,66,45,39,47
Fragilecontexts,2024,2025984,45,77,10,9,45,51,67,45,40,47
Lowandmiddle0income,2000,4908027,39,77,3,14,54,56,69,54,46,35
Lowandmiddle0income,2001,4984040,39,78,3,14,54,57,70,54,47,34
Lowandmiddle0income,2002,5059741,40,78,3,13,54,58,70,54,48,34
Lowandmiddle0income,2003,5134268,41,79,3,13,55,58,71,55,49,34
Lowandmiddle0income,2004,5209533,41,80,3,12,55,59,71,55,50,33
Lowandmiddle0income,2005,5285217,42,80,3,12,56,60,72,56,51,33
Lowandmiddle0income,2006,5362213,43,81,4,11,56,61,72,56,52,33
Lowandmiddle0income,2007,5438769,43,81,4,11,57,62,73,57,52,33
Lowandmiddle0income,2008,5515978,44,82,4,10,57,63,73,57,53,32
Lowandmiddle0income,2009,5595139,44,83,4,10,58,64,74,58,54,32
Lowandmiddle0income,2010,5675456,45,83,4,10,59,65,75,59,55,32
Lowandmiddle0income,2011,5765997,45,84,4,9,59,66,75,59,56,32
Lowandmiddle0income,2012,5847780,46,84,4,9,60,66,76,60,56,32
Lowandmiddle0income,2013,5930138,47,85,4,8,61,67,76,61,57,31
Lowandmiddle0income,2014,6011577,47,85,4,8,61,68,77,61,58,31
Lowandmiddle0income,2015,6091556,48,86,4,8,62,69,77,62,59,31
Lowandmiddle0income,2016,6170919,48,86,4,7,63,70,78,63,60,31
Lowandmiddle0income,2017,6251050,49,87,4,7,64,71,78,64,60,31
Lowandmiddle0income,2018,6330087,50,87,4,6,64,71,79,64,61,30
Lowandmiddle0income,2019,6406420,50,88,4,6,65,72,79,65,62,30
Lowandmiddle0income,2020,6479125,51,88,4,6,66,73,80,66,62,30
Lowandmiddle0income,2021,6545471,51,89,4,5,66,74,80,66,63,30
Lowandmiddle0income,2022,6607116,52,89,4,5,67,74,81,67,63,30
Lowandmiddle0income,2023,6670598,52,90,4,5,67,75,81,67,64,30
Lowandmiddle0income,2024,6737263,53,90,4,4,69,76,81,69,64,30
Low0income,2000,384047,27,42,10,32,19,19,38,28,27,25
Low0income,2001,394449,28,42,11,31,19,19,38,29,27,26
Low0income,2002,406074,28,43,11,31,20,20,39,29,28,26
Low0income,2003,418174,28,44,11,30,20,20,40,29,28,27
Low0income,2004,430150,28,44,12,29,20,20,41,30,29,27
Low0income,2005,442566,29,45,12,29,20,20,41,30,29,28
Low0income,2006,455768,29,46,13,28,21,21,42,30,30,29
Low0income,2007,469163,29,47,13,27,21,21,43,31,31,29
Low0income,2008,482589,30,48,13,27,22,22,44,31,31,30
Low0income,2009,496341,30,49,14,26,22,22,45,32,32,30
Low0income,2010,510308,30,49,14,25,23,23,46,32,33,31
Low0income,2011,534809,30,50,15,24,23,23,47,32,33,32
Low0income,2012,549452,31,51,15,24,23,23,48,33,34,32
Low0income,2013,563527,31,52,15,23,23,23,48,33,34,33
Low0income,2014,577586,31,52,16,22,24,24,49,33,35,34
Low0income,2015,592175,31,53,16,22,24,24,50,34,35,34
Low0income,2016,607867,32,54,17,21,25,25,51,34,36,35
Low0income,2017,624557,32,55,17,20,25,25,52,34,37,35
Low0income,2018,642186,33,56,17,20,26,26,53,35,37,36
Low0income,2019,660718,33,57,17,19,27,27,54,35,38,36
Low0income,2020,679561,34,58,18,18,27,27,55,36,39,37
Low0income,2021,698215,34,59,18,17,28,28,56,36,40,37
Low0income,2022,716866,35,60,18,17,29,29,57,37,40,38
Low0income,2023,736466,35,61,19,16,30,30,58,37,41,38
Low0income,2024,756668,36,62,19,15,31,31,59,38,43,37
Lower0middle0income,2000,2124987,31,76,5,13,44,44,66,51,37,44
Lower0middle0income,2001,2167820,31,77,5,13,45,45,67,52,37,44
Lower0middle0income,2002,2210684,32,77,5,13,46,46,68,52,38,44
Lower0middle0income,2003,2252307,32,78,5,12,47,47,68,53,39,44
Lower0middle0income,2004,2294336,32,79,5,12,48,48,69,53,39,44
Lower0middle0income,2005,2335938,33,79,5,11,49,49,69,53,40,44
Lower0middle0income,2006,2377773,33,80,5,11,50,50,70,54,41,44
Lower0middle0income,2007,2420499,34,81,5,10,51,51,71,54,41,44
Lower0middle0income,2008,2462942,34,81,4,10,53,53,71,54,42,44
Lower0middle0income,2009,2505656,34,82,4,10,54,54,72,55,43,44
Lower0middle0income,2010,2549113,35,83,4,9,55,55,72,56,43,44
Lower0middle0income,2011,2592656,35,83,4,9,56,56,73,57,44,44
Lower0middle0income,2012,2635895,36,84,4,8,57,57,74,58,44,44
Lower0middle0income,2013,2679307,36,85,4,8,58,58,74,59,45,44
Lower0middle0income,2014,2722466,37,85,4,7,59,59,75,60,46,44
Lower0middle0income,2015,2764325,37,86,4,7,61,61,75,61,46,44
Lower0middle0income,2016,2805768,38,86,4,7,62,62,76,62,47,44
Lower0middle0income,2017,2846978,38,87,4,6,63,63,76,63,47,44
Lower0middle0income,2018,2887468,38,88,4,6,64,64,77,64,48,44
Lower0middle0income,2019,2927475,39,88,4,5,65,65,77,65,48,44
Lower0middle0income,2020,2967243,39,89,4,5,66,66,78,66,49,44
Lower0middle0income,2021,3004939,40,90,4,5,67,68,78,67,49,44
Lower0middle0income,2022,3042100,40,90,3,4,67,69,79,67,50,44
Lower0middle0income,2023,3080931,41,91,3,4,68,70,79,68,50,44
Lower0middle0income,2024,3120052,41,91,3,4,69,71,79,69,51,44
Upper0middle0income,2000,2398992,48,84,0,12,70,73,77,70,57,28
Upper0middle0income,2001,2421771,49,85,0,12,70,73,77,70,59,27
Upper0middle0income,2002,2442984,50,85,0,11,71,74,77,71,60,26
Upper0middle0income,2003,2463787,51,86,0,11,72,75,78,72,61,25
Upper0middle0income,2004,2485046,52,87,0,10,72,77,79,72,63,25
Upper0middle0income,2005,2506714,53,87,0,10,73,78,79,73,64,24
Upper0middle0income,2006,2528672,54,88,0,9,73,79,80,73,66,23
Upper0middle0income,2007,2549108,55,89,0,9,74,80,81,74,67,22
Upper0middle0income,2008,2570447,56,89,0,8,74,81,81,74,68,22
Upper0middle0income,2009,2593141,57,90,0,8,75,82,82,75,70,21
Upper0middle0income,2010,2616035,58,90,1,7,75,83,82,75,71,20
Upper0middle0income,2011,2638533,59,91,1,7,76,84,83,76,72,20
Upper0middle0income,2012,2662434,60,91,1,6,76,85,83,76,73,19
Upper0middle0income,2013,2687304,60,92,1,6,77,86,84,77,74,19
Upper0middle0income,2014,2711524,61,92,1,5,77,86,84,77,76,18
Upper0middle0income,2015,2735055,62,93,1,5,77,87,85,77,77,17
Upper0middle0income,2016,2757284,63,93,1,5,78,88,86,78,78,17
Upper0middle0income,2017,2779515,64,93,1,4,78,89,86,78,79,16
Upper0middle0income,2018,2800433,65,94,2,4,79,89,87,79,80,16
Upper0middle0income,2019,2818227,66,94,2,4,79,90,87,79,81,15
Upper0middle0income,2020,2832321,66,95,2,3,79,91,88,79,82,15
Upper0middle0income,2021,2842317,67,95,2,3,80,91,88,80,82,14
Upper0middle0income,2022,2848150,68,95,1,3,80,92,89,80,83,14
Upper0middle0income,2023,2853201,69,96,1,2,74,92,89,74,84,14
Upper0middle0income,2024,2860544,69,96,1,2,78,92,89,78,84,13
High0income,2000,1227506,76,98,0,1,93,93,0,96,93,5
High0income,2001,1233882,76,98,0,1,93,93,0,96,93,5
High0income,2002,1241002,77,99,0,0,93,93,0,96,94,4
High0income,2003,1248317,77,99,0,0,93,93,0,96,94,4
High0income,2004,1255266,77,99,0,0,93,93,0,96,94,4
High0income,2005,1262350,77,99,0,0,94,94,94,96,95,4
High0income,2006,1269616,78,99,0,0,94,94,94,96,95,4
High0income,2007,1278042,78,99,0,0,94,94,94,96,95,3
High0income,2008,1287114,78,99,0,0,94,94,95,96,95,3
High0income,2009,1295424,79,99,0,0,95,95,95,97,95,3
High0income,2010,1303171,79,99,0,0,95,95,95,97,96,3
High0income,2011,1311164,79,99,0,0,95,95,95,97,96,3
High0income,2012,1319250,79,99,0,0,95,95,95,97,96,3
High0income,2013,1327082,79,99,0,0,95,95,95,97,96,3
High0income,2014,1335091,80,100,0,0,95,95,95,97,96,3
High0income,2015,1343667,80,100,0,0,95,95,95,97,96,2
High0income,2016,1352170,80,100,0,0,95,95,95,97,96,2
High0income,2017,1359271,80,100,0,0,95,95,95,97,97,2
High0income,2018,1365261,80,100,0,0,95,95,96,97,97,2
High0income,2019,1371187,80,100,0,0,96,96,96,97,97,2
High0income,2020,1374663,81,100,0,0,96,96,96,97,97,2
High0income,2021,1375961,81,100,0,0,96,96,96,97,97,2
High0income,2022,1381312,81,100,0,0,96,96,96,97,98,1
High0income,2023,1388068,81,100,0,0,96,96,96,97,98,1
High0income,2024,1391523,81,100,0,0,96,96,96,97,98,1
WORLD,2000,6162489,46,82,3,12,61,63,74,61,55,29
WORLD,2001,6245362,47,82,3,11,61,64,74,61,56,28
WORLD,2002,6328670,47,83,3,11,62,65,75,62,57,28
WORLD,2003,6410999,48,83,3,11,62,65,75,62,58,28
WORLD,2004,6493688,48,83,3,10,62,66,75,62,59,28
WORLD,2005,6576928,49,84,3,10,63,67,76,63,59,27
WORLD,2006,6661662,49,84,3,9,63,68,76,63,60,27
WORLD,2007,6747113,50,85,3,9,63,68,77,63,61,27
WORLD,2008,6833839,50,85,3,9,64,69,77,64,61,27
WORLD,2009,6921728,51,86,3,8,64,70,78,64,62,27
WORLD,2010,7010197,51,86,3,8,65,71,78,65,63,26
WORLD,2011,7109132,52,87,3,8,65,71,79,65,63,26
WORLD,2012,7199396,52,87,3,7,66,72,79,66,64,26
WORLD,2013,7289976,53,87,3,7,66,72,79,66,64,26
WORLD,2014,7379807,53,88,3,7,67,73,80,67,65,26
WORLD,2015,7468713,54,88,3,6,68,74,80,68,66,26
WORLD,2016,7556793,54,89,3,6,68,75,81,68,66,26
WORLD,2017,7643850,55,89,3,6,69,75,81,69,67,26
WORLD,2018,7728135,55,89,3,5,69,76,82,69,67,25
WORLD,2019,7809539,56,90,3,5,70,76,82,70,68,25
WORLD,2020,7885250,56,90,4,5,70,77,82,70,68,25
WORLD,2021,7952707,56,90,4,4,71,78,83,71,69,25
WORLD,2022,8019689,57,91,3,4,72,78,83,72,69,25
WORLD,2023,8090035,57,91,3,4,72,79,84,72,70,25
WORLD,2024,8160288,58,91,4,4,74,79,84,74,70,25
